{
  "val_auc": 0.9831593749999998,
  "val_acc": 0.9470833333333334,
  "test_auc": 0.9799952546296297,
  "test_acc": 0.94,
  "confusion_matrix": [
    [
      3452,
      148
    ],
    [
      140,
      1060
    ]
  ]
}