{
  "n_clusters": 2,
  "pca_components": 50,
  "ARI": -0.02337024819995293,
  "NMI": 0.10547656896488218,
  "homogeneity": 0.11194530292823943,
  "completeness": 0.09971458430569735,
  "silhouette": 0.39211249351501465
}