{
  "test_loss": 0.11346186688947717,
  "test_acc": 0.9656321599666736,
  "test_auc": 0.9939060909006757,
  "confusion_matrix": [
    [
      3514,
      87
    ],
    [
      78,
      1122
    ]
  ]
}