{
  "test_loss": 0.04935238725538553,
  "test_acc": 0.9816704853155592,
  "test_auc": 0.9979072942701102,
  "test_ap": 0.9929690538677366,
  "confusion_matrix": [
    [
      3552,
      49
    ],
    [
      39,
      1161
    ]
  ]
}