{
  "n_clusters": 2,
  "pca_components": 50,
  "linkage": "ward",
  "metric": "euclidean",
  "ARI": -0.0630170178027277,
  "NMI": 0.11283260940785009,
  "homogeneity": 0.11352110042705867,
  "completeness": 0.11215241926560866,
  "silhouette": 0.3994438052177429
}