{
  "val_auc": 0.7332504629629629,
  "val_acc": 0.6354166666666666,
  "test_auc": 0.7351322916666667,
  "test_acc": 0.6383333333333333,
  "confusion_matrix": [
    [
      2042,
      1558
    ],
    [
      178,
      1022
    ]
  ]
}