{
  "series_global": {
    "MAE": 27.53470264280348,
    "RMSE": 46.3138486724321,
    "MAPE": 5255142.029146897
  }
}